{
  "model": "LeNetBN",
  "epoch": [
    1,
    2,
    3,
    4,
    5,
    6,
    7,
    8,
    9,
    10
  ],
  "train_loss": [
    1.2569143702026782,
    0.9798515967316114,
    0.6790891348435671,
    0.4920484434741801,
    0.3824232305474246,
    0.31259052863235487,
    0.27459895959206465,
    0.19017735593252133,
    0.16887725392378777,
    0.09822295023229595
  ],
  "test_loss": [
    1.7269761486613324,
    1.5909967829915572,
    2.6429809306249785,
    2.967328985388326,
    3.9524004463215743,
    1.9525354316927699,
    2.2926722036148104,
    3.1528368234921995,
    2.635616357085884,
    3.424401341790313
  ],
  "train_acc": [
    0.4117706136386462,
    0.5703525158180175,
    0.704127749322085,
    0.7882896454755448,
    0.8441297579592246,
    0.8759666566234809,
    0.8938435271668174,
    0.9307020186803254,
    0.9374309530983228,
    0.9668574871949382
  ],
  "test_acc": [
    0.3039806996381182,
    0.3474065138721351,
    0.2710092480900684,
    0.3341375150784077,
    0.3088057901085645,
    0.4382790510655408,
    0.3976678729392843,
    0.37876960193003617,
    0.39244069159630074,
    0.3663047848813832
  ]
}