{
  "model": "LeNet",
  "epoch": [
    1,
    2,
    3,
    4,
    5,
    6,
    7,
    8,
    9,
    10
  ],
  "train_loss": [
    1.377943631239513,
    1.3011028486477678,
    1.1787623023967662,
    1.1265889251400958,
    1.0471333519478836,
    0.9263342553812348,
    0.8088878805862202,
    0.6897167564276484,
    0.649460507442497,
    0.5604362639782717
  ],
  "test_loss": [
    1.3582791767304423,
    1.1834837451822844,
    1.1185204563344104,
    1.0853031828166684,
    1.1126600322255562,
    1.0490792641737492,
    1.1844643328532092,
    1.3466273121053454,
    0.959935426160807,
    1.3041095156529652
  ],
  "train_acc": [
    0.28532690569448627,
    0.36727930099427536,
    0.44360751230290246,
    0.473234910113488,
    0.5122024706236818,
    0.5794918148036557,
    0.6414582705634227,
    0.6916741990559405,
    0.7110575474540525,
    0.7533393592447525
  ],
  "test_acc": [
    0.2517088862082831,
    0.3852030558906313,
    0.4322476879774829,
    0.5178930438279051,
    0.4692400482509047,
    0.4945717732207479,
    0.4941696823482107,
    0.4873341375150784,
    0.582227583433856,
    0.5166867712102935
  ]
}