{
  "model": "VGG11HalfBN",
  "epoch": [
    1,
    2,
    3,
    4,
    5,
    6,
    7,
    8,
    9,
    10
  ],
  "train_loss": [
    1.2907710248200162,
    0.7775711840123576,
    0.5132782059440391,
    0.4139567552991357,
    0.25949962272981186,
    0.2143493427609636,
    0.2194230563847328,
    0.13400843010389793,
    0.11832942150288513,
    0.09441728297251738
  ],
  "test_loss": [
    1.0372342652568962,
    1.3724256779255593,
    0.622334299289138,
    0.6916623963593573,
    0.6997095432250817,
    0.9415376580619506,
    0.5602797115158707,
    1.4365206481278494,
    1.1541403325851674,
    4.583595687613827
  ],
  "train_acc": [
    0.3388570854675103,
    0.6081148940443909,
    0.7281309631415085,
    0.8223360449934719,
    0.8984633925881289,
    0.9208596966957919,
    0.9231696294064478,
    0.954805664356734,
    0.9586220749221653,
    0.9649492819122225
  ],
  "test_acc": [
    0.46160032167269804,
    0.6288701246481705,
    0.7563329312424608,
    0.7454764776839565,
    0.733815842380378,
    0.7639726578206675,
    0.8122235625251307,
    0.6670687575392038,
    0.7856855649376759,
    0.6385203055890631
  ]
}