{
  "model": "VGG11Half",
  "epoch": [
    1,
    2,
    3,
    4,
    5,
    6,
    7,
    8,
    9,
    10
  ],
  "train_loss": [
    1.3872606211952792,
    1.3868458923882145,
    1.3874355133151846,
    1.3871860470627642,
    1.3874081298866054,
    1.3873881050246637,
    1.3872573173128722,
    1.3872265663206356,
    1.3871010152453387,
    1.3869782064745702
  ],
  "test_loss": [
    1.3865202170660758,
    1.3866966037708064,
    1.3879971830634932,
    1.3864137786528554,
    1.3869855565434246,
    1.3868642726191853,
    1.3865390764358392,
    1.3868347650366133,
    1.3866124420123835,
    1.38654056940397
  ],
  "train_acc": [
    0.2481671186100231,
    0.24987446017876871,
    0.25208396103243946,
    0.24183991161996585,
    0.24465200361554684,
    0.2459576177563523,
    0.2408355930501155,
    0.2476649593250979,
    0.2428442301898162,
    0.2518830973184694
  ],
  "test_acc": [
    0.2505026135906715,
    0.24929634097305992,
    0.24929634097305992,
    0.24929634097305992,
    0.2505026135906715,
    0.2505026135906715,
    0.24929634097305992,
    0.25090470446320867,
    0.24929634097305992,
    0.24929634097305992
  ]
}