model,source,best_test_acc,trainable_params,total_params,trainable_pct
Fine-tuning parcial,ResNet18 ImageNet,0.8644953759549658,10495492.0,11178564.0,0.9388944769650198
Fine-tuning total,ResNet18 ImageNet,0.860876558102131,11178564.0,11178564.0,1.0
VGG-11_half + BN,Desde cero,0.8122235625251307,,,
LeNet-5,Desde cero,0.582227583433856,,,
Feature Extraction,ResNet18 ImageNet,0.459589867310012,2052.0,11178564.0,0.0001835656171937
LeNet-5 + BN,Desde cero,0.4382790510655408,,,
VGG-11_half,Desde cero,0.25090470446320867,,,
